ID	WHERE	TEXT
922c18eb	3 markup	PILLAGERS
35d44926	600 markup	RAID PAUSED
2a1aa2c4	601 markup	MOUSE aim &nbsp; LMB fire &nbsp; RMB aim down sights &nbsp; WASD move &nbsp; SPACE dodge roll &nbsp; SHIFT sprint on/off &nbsp; CTRL / C crouch toggle
c8c3e832	602 markup	E interact &nbsp; R reload &nbsp; F heal/revive &nbsp; Q/G throw &nbsp; TAB bag &nbsp; M map &nbsp; ` superhot mode &nbsp; SHIFT-` tuning sliders &nbsp; P/ESC pause
c570b094	605 markup	Please provide feedback anything that went or felt wrong.
8a29cdd4	606 markup-attr
281b9c47	608 markup	YES, ABANDON THIS RUN
b3367239	609 markup	Resume run
5c66994a	610 markup	Abandon run
d71ed175	612 markup	YOU ARE DOWNED.  You can extract while downed
588fe32d	617 markup	EXTRACTED
02ee3816	620 markup	HOW DID THAT RUN FEEL
f65e35cf	622 markup-attr	Anything else? (optional)
7dbe31b2	623 markup	Log run and return
ca31d080	630 markup	SHOP, CRAFT, AND HIRE
bf43fe87	652 markup	***EXPERIMENTAL***
ea9fb090	662 markup	Hire nobody
dbc87420	663 markup	CLOSE
da675338	668 markup	Wirt the Gambler
3aaaf00e	670 markup	Gamble with Wirt. No refunds, no complaints.
f9cbbd46	672 markup	THE GAMBLE
459f17b3	675 markup	Gamble 2500c
97f024a6	679 markup	LIMITED TIME OFFER
bb760128	690 markup	Discount Fashion Depot
5116797c	691 markup	Cosmetics do not impact game mechanics.
f45e9354	694 markup	Your Operator
c3db3311	700 markup	The Racks
aed236e1	709 markup	The Last Pour
784f26d7	719 markup	The Terms
2e8422d4	720 markup
fe290ca8	724 markup
d5b7df0c	736 markup	Dev tools
